<?xml version="1.0" encoding="UTF-8" standalone="yes"?>
<addon id="repository.welshstreams2.0" name="welshstreams2.0 Repo" version="0.0.1" provider-name="welshstreams">
	<extension point="xbmc.addon.repository" name="welshstreams2.0 Repo">
		<dir>
			<info compressed="false">https://raw.githubusercontent.com/noobsandnerds/modules4all/master/zips/addons.xml</info>
			<checksum>https://raw.githubusercontent.com/noobsandnerds/modules4all/master/zips/addons.xml.md5</checksum>
			<datadir zip="true">https://raw.githubusercontent.com/noobsandnerds/modules4all/master/zips/</datadir>
		</dir>
		<info compressed="false">https://raw.githubusercontent.com/welshstreams/repository.welshstreams2.0/master/zips/addons.xml</info>
		<checksum>https://raw.githubusercontent.com/welshstreams/repository.welshstreams2.0/master/zips/addons.xml.md5</checksum>
		<datadir zip="true">https://raw.githubusercontent.com/welshstreams/repository.welshstreams2.0/master/zips/</datadir>
	</extension>
	<extension point="xbmc.addon.metadata">
		<summary lang="en">Download Welsh Streams version 2 From This Repo</summary>
		<description lang="en">Welsh streams hosts a full array of sport / tv / film / concerts / comedy / stand up /documentarys etc all in one addon</description>
		<genre>adult,comedy,documentary,kids,livetv,movies,music,news,radio,sports,tvshows,uk,usa</genre>
	</extension>
</addon>